1.00885,0,0,0,0,0,0,0,-3.27248e-05,0.000632184,-1.78499e-05,-2.98529e+35,-1.68719e+35,9.20263e-38,-1.68723e+35,-0.00198328,9.21081e-38,9.18383e-38
1.02149,0,0,0,0,0,0,0,5.82857e-05,-0.000116569,-5.82846e-05,-0.00280578,0.00361236,-0.00684052,1,9.22237e-11,-9.94295e-12,-1.66107e-09
1.04642,0,0,0,0,0,0,0,0.00253049,-0.0101219,0.00253064,0.00495806,0.0102229,0.000955543,1,2.01516e-05,7.17303e-05,0.000139194
1.0571,0,0,0,0,0,0,0,-0.0521674,0.00521661,-0.0208669,0.00903843,0.0121551,0.00392307,1,7.14923e-05,0.000141586,7.10382e-05
1.06684,0,0,0,0,0,0,0,-0.0496284,0.0682455,-0.0806465,0.00873652,0.0123763,0.00391119,1,0.000122029,0.000211508,8.09985e-06
1.07695,0,0,0,0,0,0,0,0.163641,0.212127,-0.193945,0.00438175,0.0104175,0.00061667,1,0.000149684,0.000266299,0.000100543
1.08692,0,0,0,0,0,0,0,0.335398,0.353996,-0.366453,0.0010034,0.00318049,-0.00401954,1,0.000160698,0.000293963,-5.77247e-06
1.09696,0,0,0,0,0,0,0,0.426021,0.474709,-0.553827,-0.000493414,0.0027073,-0.0059242,1,0.000157849,0.00030728,-0.000118746
1.10695,0,0,0,0,0,0,0,0.419339,0.579733,-0.752344,-0.00207321,-0.00197771,-0.00337758,1,0.000149238,0.000297887,-0.000224955
1.11719,0,0,0,0,0,0,0,0.332539,0.605695,-0.926357,-0.00221285,0.00350834,-8.07093e-05,1,0.000145132,0.000297429,-0.00031703
1.12738,0,0,0,0,0,0,0,0.193619,0.641364,-1.04686,-0.00134616,0.00331732,0.00689334,1,0.000140863,0.000302039,-0.000376341
1.13753,0,0,0,0,0,0,0,0.0302833,0.654047,-1.12036,1.29658e-05,0.00122031,0.0142027,1,0.000143314,0.000315175,-0.000407618
1.14934,0,0,0,0,0,0,0,-0.081849,0.758532,-1.23864,0.000992366,-0.00576017,0.0163572,1,0.00014954,0.000303559,-0.000411693
1.15995,0,0,0,0,0,0,0,-0.022034,0.941953,-1.46526,0.00156663,-0.0108818,0.0112329,1,0.00015293,0.000251864,-0.000456938
1.16968,0,0,0,0,0,0,0,0.11934,1.03009,-1.38196,0.00129533,-0.01436,0.00583475,1,0.000152859,0.000181704,-0.000505375
1.17988,0,0,0,0,0,0,0,0.175901,0.903768,-1.34036,-0.000965251,-0.0119767,0.00470431,1,0.000144723,0.000120911,-0.000572484
1.19076,0,0,0,0,0,0,0,0.127516,0.67401,-1.45139,-0.00399425,-0.0115544,0.00882351,1,0.000131514,5.40103e-05,-0.00062569
1.20092,0,0,0,0,0,0,0,0.00554501,0.371539,-1.51388,-0.00792785,-0.0135712,0.0141376,1,0.00010279,-8.71274e-06,-0.00065178
1.21113,0,0,0,0,0,0,0,-0.138917,0.0543594,-1.53413,-0.00732302,-0.0133345,0.0206996,1,7.17257e-05,-7.11818e-05,-0.000646409
1.22118,0,0,0,0,0,0,0,-0.17653,-0.213054,-1.38775,-0.00366428,-0.0140758,0.0222203,1,4.86564e-05,-0.000139082,-0.00057924
1.23111,0,0,0,0,0,0,0,-0.111709,-0.347539,-1.2103,-4.39397e-05,-0.0109527,0.0174198,1,3.67343e-05,-0.000194679,-0.000483039
1.24898,0,0,0,0,0,0,0,0.0817557,-0.465651,-0.956183,0.000690184,-0.00310608,-0.00228004,1,3.73134e-05,-0.000264305,-0.000422896
1.2592,0,0,0,0,0,0,0,0.176795,-0.672961,-0.558848,0.000905355,0.00534569,-0.0116395,1,3.85611e-05,-0.000252916,-0.000484175
1.26883,0,0,0,0,0,0,0,0.0564775,-0.94756,-0.28869,0.0017949,0.00927426,-0.0147939,1,4.73512e-05,-0.000212758,-0.000567395
1.28004,0,0,0,0,0,0,0,-0.242919,-1.25324,-0.115928,0.00410053,0.0156012,-0.0161147,1,6.72537e-05,-0.000148744,-0.00065565
1.28974,0,0,0,0,0,0,0,-0.395583,-1.46303,-0.0376784,0.00208013,0.0154684,-0.0174991,1,8.07744e-05,-6.77416e-05,-0.00073928
1.30017,0,0,0,0,0,0,0,-0.423938,-1.56033,-0.088312,0.00132638,0.0167434,-0.0182778,1,8.93461e-05,2.10754e-05,-0.000828503
1.31038,0,0,0,0,0,0,0,-0.411442,-1.56106,-0.229923,-0.00029854,0.00958658,-0.0188689,1,9.05181e-05,7.64592e-05,-0.000921104
1.32013,0,0,0,0,0,0,0,-0.430569,-1.59747,-0.411891,0.00268579,0.0103957,-0.0210946,1,0.000101996,0.000127515,-0.00102015
1.33151,0,0,0,0,0,0,0,-0.444122,-1.48943,-0.666183,0.00718834,0.00847495,-0.0198301,0.999999,0.00013259,0.000179488,-0.00114776
1.34153,0,0,0,0,0,0,0,-0.429557,-1.40527,-0.902071,0.00608207,0.0174937,-0.0193291,0.999999,0.000161716,0.00025297,-0.00124463
1.35204,0,0,0,0,0,0,0,-0.41118,-1.30207,-1.17124,0.007472,0.0163561,-0.0190223,0.999999,0.000200015,0.000331936,-0.00133921
1.36363,0,0,0,0,0,0,0,-0.293943,-1.27709,-1.60305,0.00746958,0.0205775,-0.0192883,0.999999,0.000235513,0.000426989,-0.00143136
1.37366,0,0,0,0,0,0,0,-0.124587,-1.17813,-2.07287,0.00710674,0.0171743,-0.0178159,0.999999,0.000269403,0.000513741,-0.0015178
1.38495,0,0,0,0,0,0,0,0.0721092,-0.959605,-2.54069,0.00480072,0.0113297,-0.0137737,0.999999,0.000303551,0.000600941,-0.00161691
1.39465,0,0,0,0,0,0,0,0.190061,-0.74791,-3.37139,0.00387321,0.00379134,-0.0115518,0.999998,0.000327994,0.000631997,-0.00168237
1.40466,0,0,0,0,0,0,0,0.21719,-0.558544,-4.07738,0.00648731,-0.000448047,-0.00278867,0.999998,0.000357611,0.000634346,-0.00170614
1.41458,0,0,0,0,0,0,0,0.21562,-0.443561,-4.92895,0.00494937,-0.00710289,0.0121024,0.999998,0.000389198,0.000604266,-0.00166351
1.42681,0,0,0,0,0,0,0,0.300608,-0.33568,-5.90195,0.00385488,-0.00295816,0.0249417,0.999999,0.000418884,0.000574197,-0.00152681
1.43721,0,0,0,0,0,0,0,0.538558,-0.139177,-6.5353,0.0019402,-0.00504901,0.0283561,0.999999,0.000429682,0.000545895,-0.0013862
1.45414,0,0,0,0,0,0,0,1.02235,0.248178,-7.28933,0.00244358,-0.0180209,0.0223899,0.999999,0.00043924,0.000450633,-0.00119625
1.46391,0,0,0,0,0,0,0,1.59057,0.542106,-8.02436,0.00331177,-0.0249996,0.0159216,0.999999,0.000449557,0.000338909,-0.00110256
1.47474,0,0,0,0,0,0,0,2.02609,0.554097,-8.26183,-4.45094e-05,-0.0281799,0.0138537,0.999999,0.000450223,0.000164379,-0.00101684
1.48443,0,0,0,0,0,0,0,2.24616,0.309162,-8.73766,-0.00537442,-0.0289815,0.0144306,1,0.000429316,9.59132e-06,-0.000950113
1.49464,0,0,0,0,0,0,0,2.60679,-0.127012,-8.82523,-0.0125702,-0.0213253,0.0151401,1,0.000378481,-0.000111974,-0.000871605
1.50478,0,0,0,0,0,0,0,2.95787,-0.635127,-8.76992,-0.0175157,-0.0158174,0.0171612,1,0.000297162,-0.000209225,-0.000786231
1.51471,0,0,0,0,0,0,0,3.1528,-1.06738,-8.74357,-0.0173796,-0.0111574,0.0180529,1,0.000207987,-0.00026541,-0.000697391
1.52487,0,0,0,0,0,0,0,3.32769,-1.38805,-8.34045,-0.0139453,-0.00727138,0.0103237,1,0.000121093,-0.000305848,-0.000638341
1.53527,0,0,0,0,0,0,0,3.23071,-1.62111,-8.05696,-0.0090347,-0.0034785,0.00533956,1,6.4326e-05,-0.000327646,-0.000603473
1.54568,0,0,0,0,0,0,0,3.04849,-1.7137,-7.63931,-0.00499066,0.00427175,-0.00202915,1,2.61996e-05,-0.000315519,-0.000604901
1.55597,0,0,0,0,0,0,0,2.8209,-1.76385,-7.17004,-0.00266502,0.00870786,-0.00824475,1,1.88649e-07,-0.000284546,-0.00064028
1.56568,0,0,0,0,0,0,0,2.55191,-2.00337,-6.85014,0.00391369,0.0179421,-0.0133576,1,8.20274e-06,-0.000208361,-0.000692664
1.57556,0,0,0,0,0,0,0,2.15597,-2.02122,-6.57814,0.0129315,0.0202602,-0.0172028,1,5.23119e-05,-0.00010937,-0.000771111
1.58543,0,0,0,0,0,0,0,2.02584,-1.90155,-6.38822,0.0213315,0.0221162,-0.0244904,1,0.000135064,1.03013e-06,-0.00087711
1.59536,0,0,0,0,0,0,0,1.80724,-1.94387,-6.57753,0.0258266,0.0202069,-0.0226831,1,0.000253263,0.000112391,-0.000991422
1.60563,0,0,0,0,0,0,0,1.68762,-1.99006,-6.75586,0.0294963,0.0163537,-0.0251779,0.999999,0.000396477,0.000203373,-0.00111306
1.61568,0,0,0,0,0,0,0,1.79151,-1.98519,-7.15394,0.0317468,0.0155684,-0.0246543,0.999999,0.000557415,0.000291761,-0.00123843
1.62551,0,0,0,0,0,0,0,1.99117,-2.28962,-7.87136,0.0331155,0.0122775,-0.018002,0.999999,0.000727949,0.00036086,-0.00134169
1.63545,0,0,0,0,0,0,0,2.22473,-2.66376,-8.56519,0.0280553,0.00761616,-0.0126063,0.999999,0.000876898,0.00040707,-0.00141647
1.64493,0,0,0,0,0,0,0,2.72779,-3.03088,-9.26677,0.0162274,-0.00372087,-0.0068793,0.999998,0.0009801,0.000411513,-0.001466
1.65807,0,0,0,0,0,0,0,3.46355,-3.51254,-10.4004,0.00115066,-0.0204587,0.00271034,0.999998,0.00102524,0.000328103,-0.00145758
1.66822,0,0,0,0,0,0,0,4.50444,-3.84825,-11.4596,-0.0115053,-0.0391083,0.00516423,0.999999,0.000988536,0.000166259,-0.0014351
1.67809,0,0,0,0,0,0,0,5.33051,-4.08242,-12.2669,-0.0171903,-0.0536797,0.00514216,0.999999,0.000909625,-7.31183e-05,-0.00140286
1.68804,0,0,0,0,0,0,0,5.9672,-4.63405,-12.7346,-0.0178858,-0.059991,0.00864898,0.999999,0.000817023,-0.000373123,-0.0013719
1.6991,0,0,0,0,0,0,0,6.35155,-5.56053,-12.8554,-0.00708693,-0.0502536,0.0089713,0.999999,0.000757537,-0.000658448,-0.00133829
1.70922,0,0,0,0,0,0,0,6.70186,-6.72477,-12.698,0.00220896,-0.0195803,0.0081898,0.999999,0.000744529,-0.000858839,-0.00127893
1.71937,0,0,0,0,0,0,0,7.11019,-8.1079,-12.0639,0.00321802,0.0329042,-0.00767817,0.999999,0.000762997,-0.00075444,-0.00130023
1.7294,0,0,0,0,0,0,0,7.56994,-9.43801,-11.5014,-0.00217759,0.0909905,-0.0182083,0.999999,0.000765438,-0.000362213,-0.00137758
1.73933,0,0,0,0,0,0,0,8.12664,-10.4033,-11.2036,-0.0324093,0.125166,-0.0256901,0.999999,0.000650152,0.000243416,-0.0015042
1.74938,0,0,0,0,0,0,0,8.51536,-10.5225,-11.5626,-0.0667961,0.135772,-0.0255622,0.999998,0.000350065,0.00093085,-0.00163186
1.76157,0,0,0,0,0,0,0,8.32683,-9.71375,-12.5035,-0.0885921,0.13497,-0.0326247,0.999997,-5.77439e-05,0.00163351,-0.00177765
1.77311,0,0,0,0,0,0,0,7.51536,-7.38252,-14.3602,-0.0834387,0.118045,-0.0375576,0.999995,-0.000597099,0.00241323,-0.00198426
1.78402,0,0,0,0,0,0,0,5.63492,-4.0309,-16.4956,-0.0610001,0.0719481,-0.0167245,0.999993,-0.00102607,0.00294215,-0.00214229
1.79406,0,0,0,0,0,0,0,3.09529,-0.221094,-18.6823,-0.0237747,0.00920649,-0.00645328,0.999992,-0.00119589,0.00307345,-0.00220277
1.8039,0,0,0,0,0,0,0,0.715147,3.54498,-20.9651,0.00851587,-0.0490888,0.0106701,0.999993,-0.00119194,0.00291046,-0.00216414
1.81379,0,0,0,0,0,0,0,-1.38311,7.03959,-23.188,0.0351791,-0.11022,0.0286923,0.999994,-0.00103701,0.00244014,-0.00203719
1.8239,0,0,0,0,0,0,0,-2.62288,9.48173,-24.8592,0.0551069,-0.154666,0.0394076,0.999997,-0.000777004,0.00172213,-0.0018505
1.83388,0,0,0,0,0,0,0,-3.44929,10.929,-26.0703,0.0548195,-0.180173,0.0447417,0.999998,-0.000569322,0.00106023,-0.00169473
1.847,0,0,0,0,0,0,0,-3.18123,11.0021,-26.4621,0.047832,-0.192915,0.0482094,0.999999,-0.000297945,7.98898e-05,-0.00145975
1.86323,0,0,0,0,0,0,0,-2.1718,9.56475,-26.0403,0.00032123,-0.184554,0.0439346,0.999998,-4.93235e-05,-0.00189047,-0.00100716
1.87317,0,0,0,0,0,0,0,-0.562499,6.98436,-24.7933,-0.0355554,-0.167368,0.0377284,0.999996,-0.000161086,-0.00278548,-0.000809288
1.88314,0,0,0,0,0,0,0,0.349294,4.01381,-22.8695,-0.0725329,-0.132657,0.0346916,0.999993,-0.000459819,-0.00354597,-0.000634141
1.89441,0,0,0,0,0,0,0,0.551905,-0.043287,-19.2897,-0.0773627,-0.215806,-0.0241031,0.99999,-0.000985062,-0.00425406,-0.000490533
1.9042,0,0,0,0,0,0,0,-0.157058,-4.00811,-15.3728,-0.0714451,-0.00777059,0.135412,0.999988,-0.001258,-0.00468082,6.61593e-05
1.91431,0,0,0,0,0,0,0,-1.53853,-8.10451,-10.6293,-0.0959342,-0.0936987,0.0650578,0.999983,-0.00150126,-0.00561632,0.000379821
1.92371,0,0,0,0,0,0,0,-2.94739,-11.5085,-5.53535,-0.0547423,-0.208919,0.0348172,0.999975,-0.00182863,-0.00680393,0.000770209
1.93654,0,0,0,0,0,0,0,-4.25152,-13.9878,0.782174,-0.080658,-0.295317,0.000409958,0.999961,-0.00236418,-0.00844447,0.000774315
1.94641,0,0,0,0,0,0,0,-6.60175,-19.0155,8.31696,-0.0573164,-0.271661,-0.0223204,0.999948,-0.00264127,-0.009816,0.000720781
1.95584,0,0,0,0,0,0,0,-9.12475,-25.4008,15.4505,-0.0556645,-0.0562687,0.0300935,0.999938,-0.00281393,-0.010738,0.000757131
1.96587,0,0,0,0,0,0,0,-12.0765,-32.4016,22.0828,-0.0192401,-0.284892,0.126029,0.999922,-0.00286049,-0.0121311,0.00115441
1.97805,0,0,0,0,0,0,0,-15.5907,-40.2565,29.9622,-0.0206171,-0.277707,0.209399,0.999897,-0.0027782,-0.0139179,0.00225922
1.98791,0,0,0,0,0,0,0,-18.252,-48.5388,38.5706,0.0805929,0.335169,0.246263,0.999874,-0.00261799,-0.0152268,0.00369718
1.99773,0,0,0,0,0,0,0,-19.372,-55.575,45.6529,0.337496,-0.163952,0.173861,0.999876,-0.00150609,-0.0149038,0.00481249
2.00761,0,0,0,0,0,0,0,-18.6794,-61.4776,53.2657,0.399633,0.25768,0.106594,0.999886,0.000520254,-0.0140456,0.0055774
2.01754,0,0,0,0,0,0,0,-14.93,-66.9049,60.5334,0.171606,0.620147,0.0392994,0.999916,0.00176111,-0.0114544,0.00577125
2.02852,0,0,0,0,0,0,0,-7.68685,-73.8032,68.1324,-0.0370417,0.457587,-0.160253,0.999941,0.00197563,-0.00917187,0.00548915
2.03861,0,0,0,0,0,0,0,-0.661881,-79.5811,74.3321,-0.241521,0.654162,-0.284292,0.999979,0.00113561,-0.00496275,0.00409023
2.04853,0,0,0,0,0,0,0,2.5076,-81.9622,77.9575,-0.225893,0.867058,-0.289601,0.999996,0.000196722,-0.000988286,0.00261896
2.05861,0,0,0,0,0,0,0,0.260871,-82.4898,78.9996,-0.21951,0.79019,-0.253867,0.999997,-0.000692713,0.00189075,0.00157011
2.06899,0,0,0,0,0,0,0,-5.25954,-77.6376,76.04,-0.15452,0.62791,-0.217151,0.999983,-0.00160856,0.00555644,0.000459528
2.07859,0,0,0,0,0,0,0,-11.2493,-70.3376,69.9961,-0.0389437,0.570041,-0.0966398,0.99996,-0.00218881,0.00872278,-0.000291133
2.08847,0,0,0,0,0,0,0,-17.5015,-63.1772,62.9994,-0.0103232,0.438875,-0.0365968,0.999928,-0.00247989,0.0116926,-0.00069829
2.09886,0,0,0,0,0,0,0,-22.5985,-55.6281,55.4503,0.0381625,0.3179,0.0390074,0.999909,-0.00228624,0.0132819,-0.00053235
2.10876,0,0,0,0,0,0,0,-25.8162,-47.8521,47.8101,0.0896077,0.16255,0.104215,0.999898,-0.00188098,0.0141409,-8.7138e-05
2.11861,0,0,0,0,0,0,0,-27.8567,-40.4592,40.1981,0.0962273,0.0315348,0.162035,0.999896,-0.00151917,0.0143523,0.000451774
2.12793,0,0,0,0,0,0,0,-28.19,-33.3797,32.9331,0.0979591,-0.0921054,0.177501,0.9999,-0.00097861,0.0140469,0.0013008
2.13776,0,0,0,0,0,0,0,-26.7721,-26.3129,25.6824,0.0788016,-0.238232,0.132435,0.999913,-0.000499796,0.0130338,0.00204865
2.14684,0,0,0,0,0,0,0,-24.5464,-18.9861,18.5976,0.0512162,-0.367436,0.0948763,0.999933,-0.000135603,0.011299,0.00264461
2.15671,0,0,0,0,0,0,0,-22.1129,-11.8864,11.4462,0.0256641,-0.519303,0.0476888,0.999956,7.09513e-05,0.00890235,0.00294077
2.17009,0,0,0,0,0,0,0,-19.4159,-4.64601,3.7761,-0.0158111,-0.661349,-0.0050358,0.999983,6.35025e-05,0.00503842,0.0029623
2.18047,0,0,0,0,0,0,0,-17.2926,-0.636254,-2.00517,-0.0497443,-0.741635,-0.00317371,0.999995,-0.000120082,0.00142063,0.00288202
2.19093,0,0,0,0,0,0,0,-16.3431,-2.05405,-4.00712,-0.080771,-0.722283,0.0317,0.999993,-0.000464169,-0.00235821,0.00291316
2.20017,0,0,0,0,0,0,0,-16.5381,-7.6265,-2.01103,-0.108637,-0.661463,0.101,0.999976,-0.000951939,-0.00598278,0.00329849
2.2093,0,0,0,0,0,0,0,-17.1533,-14.4399,3.22477,-0.109125,-0.571376,0.145181,0.99995,-0.0014717,-0.00908511,0.0039987
2.21915,0,0,0,0,0,0,0,-18.1321,-21.5118,10.0035,-0.106247,-0.445116,0.186394,0.99992,-0.00200872,-0.0115142,0.00486729
2.22833,0,0,0,0,0,0,0,-19.1718,-28.5925,17.1304,-0.0988025,-0.332635,0.210772,0.999899,-0.00239494,-0.0128747,0.00562851
2.23823,0,0,0,0,0,0,0,-20.0685,-35.8225,24.0613,-0.0909464,-0.186517,0.233954,0.999875,-0.00286875,-0.0140102,0.00674585
2.24804,0,0,0,0,0,0,0,-21.0162,-43.0662,31.3447,-0.085452,-0.0390181,0.254223,0.999859,-0.00331626,-0.0144051,0.00797258
2.25814,0,0,0,0,0,0,0,-21.8104,-50.5814,38.7478,-0.0802822,0.117154,0.276748,0.999851,-0.00373251,-0.0140405,0.00930117
2.26801,0,0,0,0,0,0,0,-22.6217,-57.6345,45.9946,-0.0738629,0.26902,0.284928,0.999851,-0.00413859,-0.0129271,0.0107165
2.28271,0,0,0,0,0,0,0,-23.4769,-63.316,55.0155,-0.0543022,0.480868,0.218935,0.99986,-0.00466873,-0.00996411,0.0126315
2.29245,0,0,0,0,0,0,0,-24.3334,-66.291,63.9628,-0.0245774,0.558558,0.155579,0.99987,-0.00488663,-0.00730452,0.0135177
2.30221,0,0,0,0,0,0,0,-25.2297,-63.7428,70.6646,0.0437756,0.602143,-0.00656493,0.999885,-0.00486769,-0.00422175,0.0136983
2.31222,0,0,0,0,0,0,0,-26.7838,-57.7265,77.0183,-0.0817348,-1.32426,-0.24313,0.999854,-0.0052986,-0.0103393,0.0125574
2.322,0,0,0,0,0,0,0,-29.0568,-51.6449,82.197,-0.179032,0.332181,-0.249664,0.999863,-0.00590245,-0.0106572,0.0111778
2.33116,0,0,0,0,0,0,0,-33.0803,-49.8353,85.7364,-0.0796236,-1.00317,-0.436631,0.999815,-0.00605243,-0.0156951,0.00933296
2.34093,0,0,0,0,0,0,0,-40.1767,-54.3611,92.7162,0.0647167,-0.435069,-0.45966,0.999797,-0.00621591,-0.0177879,0.00710077
2.35074,0,0,0,0,0,0,0,-47.094,-58.2449,99.1192,-0.140046,-0.908156,-0.249357,0.999737,-0.00656637,-0.021204,0.00586247
2.36023,0,0,0,0,0,0,0,-54.3447,-65.3712,105.965,0.0682422,-0.554458,-0.109544,0.999671,-0.00662974,-0.0242272,0.0052057
2.37498,0,0,0,0,0,0,0,-63.3344,-74.328,114.501,0.000691442,-0.654064,0.204985,0.999521,-0.00679707,-0.0296273,0.00590109
2.38513,0,0,0,0,0,0,0,-72.0164,-83.6806,123.933,0.125163,-0.664495,0.404065,0.999412,-0.00635603,-0.0327978,0.00771017
2.39474,0,0,0,0,0,0,0,-76.8499,-91.19,130.986,-0.0393919,-0.708478,0.48115,0.999276,-0.00652175,-0.0361141,0.0100285
2.40383,0,0,0,0,0,0,0,-78.4271,-97.5967,137.903,0.0462384,-0.165358,0.546728,0.999129,-0.00633857,-0.0390348,0.0133153
2.41372,0,0,0,0,0,0,0,-77.5397,-104.489,144.607,0.416066,-0.36964,0.460133,0.999057,-0.00510646,-0.0401656,0.0156816
2.42359,0,0,0,0,0,0,0,-76.6262,-112.195,152.331,0.225895,-0.0702989,0.414765,0.999,-0.00410039,-0.0408117,0.0178167
2.43383,0,0,0,0,0,0,0,-72.2808,-119.818,160.207,-0.0811235,0.135047,0.373328,0.999006,-0.00406491,-0.0396881,0.0198644
2.44567,0,0,0,0,0,0,0,-64.5829,-128.117,167.559,-0.238945,0.258898,0.193764,0.999001,-0.00484059,-0.0391004,0.0211131
2.45482,0,0,0,0,0,0,0,-60.4475,-134.882,175.007,-0.342469,0.374228,0.181165,0.999045,-0.00611747,-0.0372482,0.0220271
2.46393,0,0,0,0,0,0,0,-61.5885,-141.825,182.425,-0.299922,0.594565,0.191762,0.999108,-0.00770261,-0.0346929,0.0228238
2.47739,0,0,0,0,0,0,0,-67.8191,-149.872,190.419,-0.28352,0.703755,0.272802,0.999184,-0.00974401,-0.0308263,0.0242222
2.48743,0,0,0,0,0,0,0,-76.1202,-158.816,198.185,-0.2459,0.803855,0.398932,0.999237,-0.01123,-0.02702,0.0258688
2.49723,0,0,0,0,0,0,0,-83.6729,-163.555,206.777,-0.154672,0.919193,0.432024,0.99928,-0.0123145,-0.0226232,0.0278729
2.5071,0,0,0,0,0,0,0,-90.0554,-164.682,213.68,-0.0377335,0.990534,0.40382,0.999313,-0.0128609,-0.0176693,0.0299207
2.51637,0,0,0,0,0,0,0,-96.9413,-160.862,219.994,0.12447,1.02223,0.265928,0.999351,-0.0126771,-0.0124578,0.031343
2.52539,0,0,0,0,0,0,0,-102.633,-154.734,227.961,0.241223,1.05479,0.142572,0.99938,-0.0120826,-0.0084785,0.0319519
2.53541,0,0,0,0,0,0,0,-107.527,-147.828,234.721,0.374673,1.06812,-0.0709155,0.999427,-0.0106894,-0.00314675,0.0319749
2.54554,0,0,0,0,0,0,0,-111.596,-141.152,241.401,0.504183,1.06588,-0.290102,0.999483,-0.0086037,0.00217555,0.0309053
2.55567,0,0,0,0,0,0,0,-114.228,-134.163,247.549,0.595912,1.02437,-0.439209,0.999538,-0.00591511,0.00743272,0.0288866
2.56534,0,0,0,0,0,0,0,-114.788,-127.414,244.84,0.656924,0.923069,-0.50561,0.999571,-0.00278833,0.0124023,0.0263816
2.57981,0,0,0,0,0,0,0,-114.507,-119.387,237.696,0.714194,0.755001,-0.528867,0.999569,0.00229102,0.0187585,0.0224676
2.58981,0,0,0,0,0,0,0,-111.807,-109.953,228.157,0.695287,0.583118,-0.576147,0.999548,0.00563199,0.0220854,0.0196264
2.59879,0,0,0,0,0,0,0,-106.764,-103.55,220.221,0.632032,0.451341,-0.628423,0.999521,0.00876779,0.0246498,0.0165068
2.60881,0,0,0,0,0,0,0,-99.2924,-96.6168,214.237,0.568161,0.304026,-0.751896,0.999501,0.0115755,0.0264505,0.0128421
2.61862,0,0,0,0,0,0,0,-91.3376,-89.5501,205.979,0.497629,0.148493,-0.877334,0.999487,0.0140035,0.0274877,0.00855643
2.62753,0,0,0,0,0,0,0,-83.4223,-82.6058,198.276,0.439494,0.0104254,-0.989685,0.999481,0.0156028,0.0277598,0.00492924
2.63763,0,0,0,0,0,0,0,-76.2928,-76.8837,192.358,0.357196,-0.135637,-1.08235,0.999472,0.0174009,0.0274434,-0.000397162
2.64668,0,0,0,0,0,0,0,-68.7888,-73.5819,184.699,0.277925,-0.243713,-1.14284,0.999456,0.0187688,0.0264404,-0.00609464
2.65667,0,0,0,0,0,0,0,-61.5139,-73.0144,176.792,0.166211,-0.340553,-1.12631,0.999428,0.0196229,0.024894,-0.0118281
2.66623,0,0,0,0,0,0,0,-54.1827,-76.722,169.666,0.0340592,-0.364763,-1.04022,0.999388,0.0198735,0.0230733,-0.0172169
2.68253,0,0,0,0,0,0,0,-45.0555,-84.7308,160.386,0.206764,-0.980732,-0.711968,0.999352,0.0210342,0.0167813,-0.023902
2.69254,0,0,0,0,0,0,0,-36.0756,-94.8798,149.739,0.0634855,-0.563959,-0.324483,0.999334,0.0215432,0.0128347,-0.0265077
2.70181,0,0,0,0,0,0,0,-29.4281,-102.076,141.924,0.309128,-1.25174,-0.32658,0.999328,0.0224628,0.00740693,-0.0280161
2.7117,0,0,0,0,0,0,0,-22.0733,-109.425,135.232,0.131169,-0.835057,-0.241745,0.999302,0.022825,0.00271296,-0.0294338
2.72156,0,0,0,0,0,0,0,-14.5782,-115.774,127.91,0.123836,-1.22033,0.00548813,0.999274,0.0235171,-0.00298193,-0.0298275
2.73081,0,0,0,0,0,0,0,-7.38245,-123.214,120.386,0.198067,-0.952361,0.150448,0.99925,0.0239524,-0.00794587,-0.0293688
2.74,0,0,0,0,0,0,0,-0.58707,-129.828,114.503,0.123182,-0.973743,0.310769,0.99923,0.0243018,-0.0117053,-0.0284994
2.74975,0,0,0,0,0,0,0,6.31074,-137.069,112.358,0.0487347,-0.913829,0.385553,0.999198,0.0245126,-0.0166849,-0.0269113
2.75873,0,0,0,0,0,0,0,13.3077,-143.807,113.168,0.00848672,-0.993675,0.333378,0.999158,0.0242865,-0.0213745,-0.0252485
2.76804,0,0,0,0,0,0,0,19.9633,-149.585,118.299,0.236501,-1.44507,0.121254,0.99905,0.0247184,-0.0262628,-0.0244749
2.78446,0,0,0,0,0,0,0,29.1664,-158.7,127.662,0.185036,-0.892034,-0.0503266,0.998855,0.0259269,-0.0318742,-0.0245225
2.79399,0,0,0,0,0,0,0,38.681,-168.278,136.869,0.335769,-0.35204,-0.206173,0.998742,0.0273984,-0.0334865,-0.0253283
2.80364,0,0,0,0,0,0,0,46.1181,-175.236,143.922,0.152104,-0.0420954,-0.33303,0.998658,0.0278903,-0.0342042,-0.0271082
2.81263,0,0,0,0,0,0,0,53.3397,-180.984,151.621,-0.191611,-0.187216,-0.532075,0.998602,0.0271059,-0.0350881,-0.0287781
2.82253,0,0,0,0,0,0,0,60.1408,-188.191,158.645,-0.269673,0.109644,-0.613305,0.99855,0.0259174,-0.0347369,-0.031918
2.83206,0,0,0,0,0,0,0,67.3058,-195.261,164.959,-0.47576,0.182466,-0.771146,0.998498,0.0238886,-0.0340595,-0.035642
2.84155,0,0,0,0,0,0,0,74.3909,-200.616,171.801,-0.527378,0.259435,-0.999422,0.998421,0.0216676,-0.0326353,-0.0402626
2.85134,0,0,0,0,0,0,0,79.5691,-207.599,179.942,-0.510241,0.397647,-1.13097,0.998303,0.0191897,-0.0305198,-0.0457419
2.86027,0,0,0,0,0,0,0,80.9041,-214.457,186.74,-0.495832,0.520684,-1.22117,0.998181,0.0173045,-0.0285246,-0.0502236
2.87023,0,0,0,0,0,0,0,77.4855,-220.05,191.99,-0.466485,0.619489,-1.13076,0.997996,0.0151809,-0.0252866,-0.0559925
2.88698,0,0,0,0,0,0,0,68.1866,-229.15,196.956,-0.303467,0.86827,-0.814515,0.997683,0.0126472,-0.018279,-0.0643086
2.89676,0,0,0,0,0,0,0,57.6612,-237.593,199.015,-0.224562,0.900202,-0.593508,0.997553,0.0118408,-0.0137532,-0.0675202
2.90665,0,0,0,0,0,0,0,49.7292,-244.257,196.205,-0.174053,0.939479,-0.278869,0.997494,0.0113291,-0.00891587,-0.0692707
2.91642,0,0,0,0,0,0,0,43.4251,-251.338,190.814,-0.159507,0.963039,0.141527,0.997554,0.0109127,-0.00397285,-0.068924
2.92626,0,0,0,0,0,0,0,40.2979,-256.433,183.066,-0.213038,0.961343,0.408836,0.997693,0.0102811,0.000911139,-0.0671003
2.93639,0,0,0,0,0,0,0,40.8373,-259.54,174.847,-0.302478,0.903807,0.605897,0.997883,0.00923272,0.00564619,-0.0641304
2.94636,0,0,0,0,0,0,0,45.1115,-256.191,167.411,-0.410455,0.820755,0.623372,0.998064,0.00766446,0.0100395,-0.0609071
2.95561,0,0,0,0,0,0,0,49.7859,-250.669,161.064,-0.500953,0.736502,0.549057,0.99817,0.00610354,0.0130358,-0.0587399
2.96451,0,0,0,0,0,0,0,53.3001,-246.057,153.586,-0.566584,0.625802,0.477943,0.998276,0.00362382,0.0165354,-0.0562057
2.97444,0,0,0,0,0,0,0,54.3539,-239.84,146.067,-0.637314,0.527169,0.441172,0.998355,0.000746365,0.0194775,-0.0539116
2.98933,0,0,0,0,0,0,0,50.3034,-232.034,136.439,0.58928,-1.27369,0.626164,0.99852,-0.000403662,0.0197929,-0.0506555
2.99982,0,0,0,0,0,0,0,43.0832,-224.788,127.621,-0.0627149,-0.82423,0.76542,0.998861,0.00141916,0.0106342,-0.0464898
3.00895,0,0,0,0,0,0,0,40.5788,-222.007,119.405,0.315409,-0.94539,1.08615,0.999121,0.00207598,0.00808812,-0.0410876
3.02376,0,0,0,0,0,0,0,46.4999,-222.893,113.891,0.0823139,-1.30858,0.752442,0.999275,0.00232617,0.00268584,-0.0379169
3.03377,0,0,0,0,0,0,0,53.9875,-222.054,112.099,0.0649056,-1.17472,0.602907,0.999472,0.00329489,-0.00513108,-0.031923
3.04353,0,0,0,0,0,0,0,63.3304,-225.7,114.87,0.171864,-0.886807,0.423972,0.999493,0.00362402,-0.00951795,-0.0301563
3.05358,0,0,0,0,0,0,0,70.5181,-231.954,121.589,0.0998589,-0.822239,0.306081,0.9995,0.00407863,-0.013417,-0.0283501
3.06275,0,0,0,0,0,0,0,77.6759,-237.629,128.348,0.184451,-1.12749,0.037284,0.999432,0.00468569,-0.0186084,-0.0277073
3.07169,0,0,0,0,0,0,0,83.5993,-243.966,134.746,0.150018,-0.901848,-0.0500637,0.999324,0.00518904,-0.0235124,-0.0277824
3.08166,0,0,0,0,0,0,0,88.9598,-249.39,141.775,0.169395,-0.838802,-0.252258,0.999176,0.005811,-0.028145,-0.0286765
3.09157,0,0,0,0,0,0,0,93.9445,-255.61,149.273,0.368388,-0.703885,-0.416318,0.999064,0.00692042,-0.0303391,-0.0300341
3.10089,0,0,0,0,0,0,0,97.4024,-262.352,157,0.445101,-0.601298,-0.469675,0.998892,0.00891176,-0.0331647,-0.0321829
3.11085,0,0,0,0,0,0,0,100.823,-267.14,163.654,0.196436,-0.0559153,-0.609599,0.99871,0.0105467,-0.0346291,-0.0355985
3.12066,0,0,0,0,0,0,0,106.364,-274.326,170.521,0.0579365,-0.241147,-0.698274,0.998584,0.0108871,-0.0355993,-0.0379929
3.12995,0,0,0,0,0,0,0,111.197,-279.303,178.221,0.0435363,-0.0301673,-0.771785,0.998414,0.0111452,-0.0359933,-0.0418396
3.13995,0,0,0,0,0,0,0,112.931,-285.521,185.66,-0.0374693,0.0807113,-0.861709,0.998236,0.0108908,-0.0357373,-0.0461461
3.15027,0,0,0,0,0,0,0,113.542,-291.21,192.196,-0.126381,0.211608,-0.874457,0.998068,0.0107669,-0.0346563,-0.0504234
3.16262,0,0,0,0,0,0,0,110.937,-298.108,200.777,-0.00218343,0.396497,-0.831808,0.997861,0.0109493,-0.0324441,-0.0556825
3.17246,0,0,0,0,0,0,0,105.347,-304.112,209.585,0.139095,0.527768,-0.759003,0.997713,0.0116503,-0.0300938,-0.0593878
3.18155,0,0,0,0,0,0,0,100.17,-309.703,215.592,0.226904,0.640964,-0.649585,0.997586,0.0127342,-0.027147,-0.062635
3.19383,0,0,0,0,0,0,0,97.9494,-315.052,222.732,0.25433,0.763419,-0.527478,0.99749,0.0141751,-0.0236633,-0.0652213
3.20375,0,0,0,0,0,0,0,98.8781,-320.402,227.391,0.281798,0.832599,-0.437459,0.997367,0.0163641,-0.0186365,-0.0681413
3.21262,0,0,0,0,0,0,0,103.424,-324.446,227.008,0.229595,0.878082,-0.351467,0.997313,0.0174765,-0.01531,-0.0694695
3.22155,0,0,0,0,0,0,0,108.856,-328.459,224.586,0.136945,0.917888,-0.259064,0.997246,0.01865,-0.0107271,-0.0709787
3.23153,0,0,0,0,0,0,0,115.523,-332.292,217.593,0.0199007,0.883549,-0.145878,0.997219,0.0191749,-0.00625825,-0.0717452
3.24039,0,0,0,0,0,0,0,121.933,-336.416,209.575,-0.117994,0.861016,-0.0827188,0.997208,0.019158,-0.00289066,-0.0721208
3.25012,0,0,0,0,0,0,0,128.548,-340.086,203.13,-0.277619,0.830797,0.0436579,0.997241,0.0183072,0.00137771,-0.0719305
3.26011,0,0,0,0,0,0,0,136.236,-343.571,195.899,-0.448346,0.793411,0.0856131,0.997283,0.0166472,0.00558989,-0.0715399
3.26907,0,0,0,0,0,0,0,143.74,-343.671,187.997,-0.574807,0.727622,0.0986637,0.99734,0.0141713,0.00948813,-0.0708729
3.28942,0,0,0,0,0,0,0,148.195,-341.97,180.885,-0.703794,0.604517,0.0706503,0.997365,0.0110168,0.0130072,-0.0705201
3.30258,0,0,0,0,0,0,0,148.677,-333.464,168.407,0.78938,-1.92874,0.117353,0.997457,0.00650803,0.0136682,-0.0696527
3.31241,0,0,0,0,0,0,0,146.397,-325.802,154.937,-0.196725,-0.61522,0.160943,0.997541,0.00709211,0.00650369,-0.0694271
3.32281,0,0,0,0,0,0,0,145.147,-325.439,147.605,0.131236,-1.09768,0.57791,0.997744,0.00638811,0.0043255,-0.0666877
3.33219,0,0,0,0,0,0,0,148.597,-329.312,140.811,-0.0651799,-1.06089,0.238806,0.997839,0.00642234,-0.00278164,-0.065328
3.34118,0,0,0,0,0,0,0,150.951,-333.545,135.031,0.00604238,-0.642794,0.421887,0.997957,0.00603248,-0.00589277,-0.0633317
3.35107,0,0,0,0,0,0,0,156.851,-336.946,134.514,0.00849772,-1.19901,0.277473,0.997996,0.00575178,-0.0116465,-0.0619365
3.36015,0,0,0,0,0,0,0,159.523,-341.121,137.064,-0.096284,-0.815134,0.271405,0.998016,0.00543128,-0.0151379,-0.0608684
3.36997,0,0,0,0,0,0,0,162.489,-344.362,142.461,0.121892,-0.873382,0.0779428,0.997988,0.00531956,-0.0193543,-0.0601462
3.37916,0,0,0,0,0,0,0,164.74,-347.788,149.397,0.0114971,-1.04158,-0.0786712,0.997858,0.00536969,-0.0244779,-0.0604252
3.38882,0,0,0,0,0,0,0,167.924,-351.552,155.708,0.0913053,-1.13914,-0.190325,0.997662,0.00535471,-0.0295413,-0.0613981
3.40068,0,0,0,0,0,0,0,168.563,-355.05,163.47,0.393864,-0.646996,-0.396904,0.997449,0.00656275,-0.0325722,-0.0631753
3.41016,0,0,0,0,0,0,0,166.593,-359.145,172.191,0.577841,-0.643579,-0.518426,0.997159,0.00881944,-0.0361397,-0.0655071
3.41986,0,0,0,0,0,0,0,167.371,-361.47,179.403,0.497067,-0.292807,-0.639583,0.996857,0.0114043,-0.0386503,-0.0682112
3.42872,0,0,0,0,0,0,0,172.18,-365.962,185.467,0.267119,-0.347616,-0.601365,0.996575,0.0134414,-0.0399885,-0.071126
3.43863,0,0,0,0,0,0,0,176.774,-367.454,192.68,0.263459,-0.153988,-0.837971,0.99622,0.0149906,-0.0412029,-0.0749938
3.44786,0,0,0,0,0,0,0,180.644,-371.357,200.598,0.176131,-0.0702929,-0.948329,0.99594,0.0160345,-0.0414806,-0.0782711
3.4576,0,0,0,0,0,0,0,184.419,-374.033,206.863,0.2671,0.111816,-1.03292,0.995513,0.0174873,-0.0412977,-0.0833204
3.46678,0,0,0,0,0,0,0,186.864,-376.993,213.459,0.285641,0.166395,-0.990659,0.995069,0.0190502,-0.0407292,-0.088404
3.4771,0,0,0,0,0,0,0,187.005,-380.08,221.646,0.279815,0.256882,-1.15475,0.994578,0.0207755,-0.0393257,-0.0940024
3.48664,0,0,0,0,0,0,0,189.342,-381.821,228.201,0.438089,0.474142,-1.22295,0.994044,0.0231257,-0.0373519,-0.0997377
3.50131,0,0,0,0,0,0,0,194.739,-385.525,235.812,0.479426,0.577428,-1.13595,0.99332,0.0263913,-0.0342043,-0.107001
3.51134,0,0,0,0,0,0,0,198.65,-389.324,239.625,0.447775,0.67675,-1.15098,0.992696,0.0292194,-0.0309761,-0.112875
3.52094,0,0,0,0,0,0,0,205.352,-390.442,236.408,0.49587,0.71399,-1.11899,0.992075,0.0322066,-0.0275496,-0.118288
3.53076,0,0,0,0,0,0,0,213.707,-393.194,231.725,0.336779,0.735019,-0.910208,0.991492,0.0346447,-0.0239099,-0.123171
3.53974,0,0,0,0,0,0,0,219.126,-395.665,223.522,0.303295,0.737489,-0.789154,0.990996,0.0368901,-0.0202785,-0.127105
3.54977,0,0,0,0,0,0,0,226.021,-397.071,216.084,0.129988,0.7145,-0.69725,0.990561,0.0383452,-0.0168401,-0.130515
3.55866,0,0,0,0,0,0,0,234.15,-400.352,209.991,0.0428768,0.68575,-0.491152,0.990239,0.0394381,-0.0133742,-0.133015
3.56867,0,0,0,0,0,0,0,239.508,-401.006,202.064,-0.0222755,0.652881,-0.44968,0.989968,0.0397806,-0.0100622,-0.135204
3.57761,0,0,0,0,0,0,0,246.967,-403.261,194.406,-0.217864,0.567553,-0.368696,0.989826,0.0395397,-0.00763632,-0.136467
3.58746,0,0,0,0,0,0,0,254.461,-404.928,188.016,-0.308292,0.651366,-0.235412,0.989699,0.0387872,-0.00425546,-0.137743
3.59644,0,0,0,0,0,0,0,259.672,-405.84,180.989,-0.394833,0.596576,-0.195347,0.989623,0.0371957,-0.001187,-0.138784
3.60983,0,0,0,0,0,0,0,269.162,-407.208,171.485,-0.0625035,0.0416844,-0.0845038,0.989548,0.0345125,0.00270117,-0.13999
3.61967,0,0,0,0,0,0,0,275.229,-408.105,162.488,0.676869,-1.97556,-0.284756,0.989205,0.0375932,-0.00754237,-0.14143
3.62981,0,0,0,0,0,0,0,284.691,-409.719,156.179,-0.00930711,0.0328578,0.0319713,0.989061,0.0372233,-0.00975335,-0.142402
3.63994,0,0,0,0,0,0,0,290.136,-410.575,147.476,0.417945,-1.7169,-0.173681,0.98891,0.0389681,-0.0158286,-0.142438
3.65004,0,0,0,0,0,0,0,298.973,-413.051,140.093,0.290626,-0.50167,-0.269525,0.988534,0.0391035,-0.0204799,-0.144405
3.65954,0,0,0,0,0,0,0,304.993,-412.819,132.451,0.306049,-1.2402,-0.303807,0.988169,0.0401344,-0.0252871,-0.145847
3.66953,0,0,0,0,0,0,0,312.77,-414.875,125.963,0.238326,-1.02549,-0.392164,0.987677,0.0404725,-0.030928,-0.147987
3.6786,0,0,0,0,0,0,0,318.895,-415.758,119.848,0.350698,-0.851524,-0.350835,0.987236,0.0415229,-0.0350931,-0.149699
3.68771,0,0,0,0,0,0,0,326.107,-416.21,115.993,0.347729,-1.01072,-0.518911,0.986783,0.0422504,-0.0387486,-0.151566
3.69758,0,0,0,0,0,0,0,332.744,-418.309,114.095,0.31569,-1.07475,-0.584488,0.986013,0.0432179,-0.0440224,-0.154828
3.70717,0,0,0,0,0,0,0,339.671,-418.49,114.323,0.474931,-0.548767,-0.831033,0.985152,0.0448252,-0.0483651,-0.158513
3.71686,0,0,0,0,0,0,0,346.194,-420.219,117.727,0.544162,-0.928683,-1.13538,0.984021,0.0470228,-0.052563,-0.163489
3.72668,0,0,0,0,0,0,0,354.256,-422.389,122.313,0.609036,-0.536698,-1.30065,0.982678,0.0499457,-0.0556117,-0.169577
3.73639,0,0,0,0,0,0,0,359.676,-422.754,125.373,0.503657,-0.221565,-1.32831,0.981289,0.0523032,-0.0573003,-0.176219
3.7455,0,0,0,0,0,0,0,368.155,-424.431,128.482,0.294576,-0.348185,-1.53856,0.980131,0.0534954,-0.0584215,-0.181849
3.75538,0,0,0,0,0,0,0,371.879,-426.218,129.129,0.267805,-0.135677,-1.62671,0.978482,0.0550923,-0.0592035,-0.189824
3.76446,0,0,0,0,0,0,0,378.805,-425.596,129.179,0.251106,-0.206191,-1.73571,0.976698,0.0564972,-0.0596836,-0.198259
3.77353,0,0,0,0,0,0,0,381.761,-427.54,128.748,0.1584,-0.0910173,-1.72734,0.974918,0.0578641,-0.0592019,-0.206596
3.7837,0,0,0,0,0,0,0,386.759,-428.462,125.821,0.134576,0.125748,-1.66644,0.973107,0.0593626,-0.0583177,-0.214797
3.79344,0,0,0,0,0,0,0,390.733,-428.948,121.21,0.159441,0.276722,-1.63475,0.971283,0.0609125,-0.0572557,-0.222758
3.80836,0,0,0,0,0,0,0,394.237,-430.312,113.098,0.246084,0.209929,-1.41367,0.969169,0.0628713,-0.0560158,-0.231563
3.81806,0,0,0,0,0,0,0,397.236,-431.404,104.04,0.101198,0.0929606,-1.24267,0.967633,0.0641828,-0.054705,-0.237855
3.82802,0,0,0,0,0,0,0,401.229,-432.027,96.6772,0.0682545,0.294221,-1.14784,0.966245,0.0655061,-0.0529818,-0.243462
3.8378,0,0,0,0,0,0,0,402.036,-432.069,89.1805,0.0620155,0.440165,-0.885334,0.965136,0.066301,-0.0514701,-0.247926
3.84664,0,0,0,0,0,0,0,404.436,-433.508,81.8071,-0.0865387,0.282453,-0.710245,0.964255,0.0667044,-0.0497651,-0.251569
3.85574,0,0,0,0,0,0,0,406.047,-434.103,74.9507,-0.151229,0.495123,-0.624749,0.963714,0.0667429,-0.0481805,-0.253929
3.86582,0,0,0,0,0,0,0,406.33,-434.349,67.5236,-0.438604,0.402697,-0.364378,0.963237,0.065178,-0.0454662,-0.256632
3.8749,0,0,0,0,0,0,0,409.791,-435.865,60.16,-0.81326,0.398773,-0.233541,0.963177,0.0632072,-0.0429764,-0.257775
3.8848,0,0,0,0,0,0,0,409.539,-436.605,53.0416,-1.16747,0.654039,-0.0876022,0.963424,0.0590044,-0.0388002,-0.25851
3.89468,0,0,0,0,0,0,0,410.768,-436.657,45.5332,-1.59452,0.667627,0.0255717,0.963931,0.0526675,-0.0338305,-0.258685
3.91209,0,0,0,0,0,0,0,412.507,-438.227,35.1997,-2.34853,0.882551,0.198257,0.965167,0.0369836,-0.0224327,-0.258036
3.92154,0,0,0,0,0,0,0,413.726,-438.277,25.0796,-2.39414,0.950753,0.250068,0.965903,0.0259138,-0.0145375,-0.257195
3.93147,0,0,0,0,0,0,0,407.849,-436.846,17.4982,1.9803,-1.91481,0.56494,0.966323,0.0305692,-0.0228034,-0.254491
3.94124,0,0,0,0,0,0,0,400.447,-438.643,9.64853,-0.775016,-0.124818,0.860317,0.967112,0.0283819,-0.0254911,-0.251475
3.95061,0,0,0,0,0,0,0,397.834,-438.2,2.39446,0.146184,-0.953797,1.27962,0.968409,0.0280518,-0.0270989,-0.246299
3.96027,0,0,0,0,0,0,0,398.393,-439.396,-3.49978,-0.174277,-0.666405,0.75582,0.969272,0.0266462,-0.0310204,-0.242569
3.97013,0,0,0,0,0,0,0,401.95,-438.736,-5.73613,-0.0953295,-0.352185,0.819149,0.970318,0.025562,-0.0324638,-0.238279
3.9819,0,0,0,0,0,0,0,404.056,-438.957,-3.91926,-0.129303,-0.625976,0.532624,0.971127,0.023769,-0.0366027,-0.234536
3.99143,0,0,0,0,0,0,0,404.91,-439.72,-1.56322,-0.100437,-0.457614,0.483907,0.971635,0.0226545,-0.0391764,-0.232117
4.0013,0,0,0,0,0,0,0,407.676,-439.705,2.23314,0.0921836,-0.626425,0.251114,0.971813,0.022313,-0.0421484,-0.230881
4.013,0,0,0,0,0,0,0,409.27,-439.512,9.49731,0.172338,-0.5193,-0.183926,0.971606,0.0215133,-0.0454724,-0.231197
4.02212,0,0,0,0,0,0,0,409.231,-440.021,17.3398,0.228519,-0.517839,-0.274429,0.971236,0.0220112,-0.047489,-0.232296
4.03183,0,0,0,0,0,0,0,411.097,-440.66,24.5704,0.451178,-0.307627,-0.380369,0.970637,0.0237852,-0.0494378,-0.234209
4.04067,0,0,0,0,0,0,0,411.483,-441.205,31.5738,0.523191,-0.191688,-0.584326,0.970053,0.0253108,-0.0509391,-0.236137
4.04945,0,0,0,0,0,0,0,411.224,-441.471,38.1047,0.243678,0.0891698,-0.635011,0.969282,0.0270763,-0.0506369,-0.239156
4.05843,0,0,0,0,0,0,0,413.968,-442.7,43.9133,0.210917,0.175018,-0.745609,0.968579,0.0283173,-0.0507991,-0.241811
4.0683,0,0,0,0,0,0,0,412.914,-441.904,48.1134,0.248465,0.176801,-0.715206,0.967677,0.0296492,-0.0503204,-0.245338
4.07752,0,0,0,0,0,0,0,414.649,-442.595,50.6575,0.183401,0.213391,-0.705815,0.966742,0.0309907,-0.0492279,-0.249051
4.08666,0,0,0,0,0,0,0,414.998,-443.746,51.5966,0.141278,0.44746,-0.727698,0.965906,0.0324483,-0.0475727,-0.252409
4.09551,0,0,0,0,0,0,0,414.278,-442.614,51.5393,0.146201,0.396865,-0.657866,0.965288,0.0334053,-0.0466851,-0.2548
4.10515,0,0,0,0,0,0,0,417.047,-443.689,48.7324,0.129078,0.333427,-0.566476,0.964565,0.0348283,-0.0448282,-0.257666
4.11551,0,0,0,0,0,0,0,416.189,-444.369,43.7167,0.180655,0.437105,-0.328413,0.964119,0.0362018,-0.0430271,-0.259446
4.12467,0,0,0,0,0,0,0,416.746,-443.548,37.646,0.156727,0.339168,-0.157401,0.963877,0.0371879,-0.0415767,-0.260442
4.13434,0,0,0,0,0,0,0,418.118,-444.177,30.5611,0.0393351,0.204022,0.0146164,0.963865,0.0377426,-0.0401277,-0.260632
4.14348,0,0,0,0,0,0,0,416.581,-445.342,23.3868,-0.0319735,0.266234,0.246106,0.964087,0.0378019,-0.038944,-0.259982
4.15255,0,0,0,0,0,0,0,418.006,-443.895,16.2601,-0.117641,0.174831,0.414509,0.964573,0.0373819,-0.037763,-0.25841
4.16248,0,0,0,0,0,0,0,418.083,-444.816,9.07696,-0.284011,0.0776956,0.550331,0.965286,0.036149,-0.0367159,-0.256062
4.17268,0,0,0,0,0,0,0,417.055,-445.864,1.88686,-0.42673,0.0113429,0.683863,0.966177,0.0342183,-0.0358477,-0.253075
4.18256,0,0,0,0,0,0,0,418.644,-444.957,-3.9454,-0.513214,0.0130797,0.698657,0.967142,0.0317489,-0.035044,-0.2498
4.19185,0,0,0,0,0,0,0,418.091,-444.842,-7.37636,-0.505924,0.0534948,0.742247,0.96816,0.0287597,-0.0341709,-0.246315
4.20158,0,0,0,0,0,0,0,416.64,-444.782,-9.49574,0.60525,-1.55546,0.590927,0.968711,0.0294087,-0.0406992,-0.243058
4.21808,0,0,0,0,0,0,0,418.144,-445.058,-10.4323,0.115442,-0.729954,0.957443,0.969904,0.0270726,-0.0449278,-0.237771
4.22855,0,0,0,0,0,0,0,419.055,-445.826,-7.02371,-0.286473,-0.740654,0.343907,0.970259,0.0246093,-0.0505962,-0.23544
4.23824,0,0,0,0,0,0,0,419.1,-444.867,0.781609,-0.154643,-0.551741,0.22236,0.970372,0.0235846,-0.0520498,-0.234761
4.24711,0,0,0,0,0,0,0,417.838,-445.202,7.66412,-0.22158,-0.979349,-0.188284,0.970082,0.0214249,-0.0560231,-0.235254
4.25703,0,0,0,0,0,0,0,420.072,-445.989,14.728,-0.0773218,-0.612646,-0.382572,0.969421,0.0202851,-0.05903,-0.237333
4.26685,0,0,0,0,0,0,0,417.921,-445.011,22.0431,0.0447469,-0.638738,-0.617795,0.968534,0.0192909,-0.0620633,-0.240246
4.27654,0,0,0,0,0,0,0,411.303,-445.225,29.0157,0.201393,-0.992359,-0.791369,0.967307,0.019113,-0.0662914,-0.244043
4.2887,0,0,0,0,0,0,0,405.077,-445.914,37.5963,0.429735,-0.444404,-0.831212,0.965738,0.0209572,-0.0693158,-0.249211
4.29916,0,0,0,0,0,0,0,395.528,-446.318,46.0486,0.790599,-0.267023,-0.904436,0.964367,0.0244908,-0.071982,-0.253406
4.30881,0,0,0,0,0,0,0,387.817,-445.164,53.5652,0.900109,-0.248847,-0.865065,0.963089,0.0290647,-0.0741178,-0.25714
4.32092,0,0,0,0,0,0,0,388.991,-446.191,61.3163,0.608917,0.278358,-0.80471,0.962019,0.0334348,-0.0739323,-0.260644
4.33043,0,0,0,0,0,0,0,392.062,-446.781,68.966,0.496118,0.344318,-0.859489,0.960851,0.0370652,-0.0739969,-0.264416
4.34016,0,0,0,0,0,0,0,393.841,-447.275,76.1098,0.491571,0.478883,-0.947487,0.959659,0.0405326,-0.0728072,-0.268535
4.35006,0,0,0,0,0,0,0,398.302,-446.866,83.342,0.473901,0.800122,-0.913826,0.958479,0.0438655,-0.0704292,-0.272826
4.35952,0,0,0,0,0,0,0,398.924,-447.666,90.1371,0.315503,0.86762,-0.968652,0.957313,0.047109,-0.0677523,-0.277025
4.36846,0,0,0,0,0,0,0,401.654,-447.825,94.6898,0.214429,0.950683,-1.02144,0.956389,0.0495077,-0.0651398,-0.280405
4.37764,0,0,0,0,0,0,0,403.341,-447.091,94.9925,0.176809,1.06485,-0.781176,0.955439,0.0522958,-0.0610731,-0.284026
4.38667,0,0,0,0,0,0,0,403.729,-448.2,91.512,-0.0613172,0.931663,-0.553865,0.954895,0.054239,-0.0565696,-0.286416
4.39662,0,0,0,0,0,0,0,407.483,-448.076,84.8639,-0.244916,1.0935,-0.307971,0.9547,0.0553144,-0.051272,-0.287852
4.40565,0,0,0,0,0,0,0,407.398,-447.286,77.4003,-0.45186,1.11154,-0.0932241,0.954827,0.0550247,-0.0473487,-0.28816
4.42278,0,0,0,0,0,0,0,409.856,-448.699,67.393,-1.07398,1.18268,0.345387,0.956105,0.0508813,-0.0362677,-0.286285
4.43286,0,0,0,0,0,0,0,410.745,-448.732,56.9792,-1.54251,1.13242,0.545718,0.957339,0.045551,-0.029272,-0.28385
4.44201,0,0,0,0,0,0,0,413.6,-449.46,49.2619,-1.92845,1.10432,0.679978,0.958776,0.0385245,-0.0211342,-0.280745
4.45099,0,0,0,0,0,0,0,412.473,-450.115,42.2874,-2.24713,1.31315,0.826152,0.959988,0.0319276,-0.0144264,-0.277841
4.46085,0,0,0,0,0,0,0,409.976,-448.538,34.7721,-2.32322,1.30023,0.980649,0.961582,0.0216642,-0.00479045,-0.27362
4.46973,0,0,0,0,0,0,0,401.249,-445.148,27.1877,0.79777,-2.10834,1.02087,0.963076,0.0199246,-0.0095495,-0.268323
4.47878,0,0,0,0,0,0,0,393.745,-440.552,20.8709,-1.22414,0.0856804,1.23935,0.964526,0.0156721,-0.0128626,-0.263208
4.48874,0,0,0,0,0,0,0,392.066,-430.588,13.9579,-0.676927,-0.61488,1.33257,0.966323,0.0117288,-0.012939,-0.25674
4.4977,0,0,0,0,0,0,0,389.868,-431.993,6.85268,-1.43481,-1.05274,0.658174,0.966996,0.00672478,-0.0154152,-0.254235
4.50764,0,0,0,0,0,0,0,384.371,-431.426,2.7495,-0.675821,-0.28734,1.11623,0.968495,0.00132904,-0.0161882,-0.248504
4.52531,0,0,0,0,0,0,0,374.156,-432.563,5.01987,-0.59968,-0.112907,1.00206,0.970463,-0.00431737,-0.0169581,-0.240616
4.53531,0,0,0,0,0,0,0,363.44,-432.875,10.0595,-0.598265,0.00509496,1.14981,0.971761,-0.00743678,-0.0171198,-0.235227
4.54497,0,0,0,0,0,0,0,354.842,-433.917,13.2686,-0.601606,-0.0236517,1.18726,0.973098,-0.0106327,-0.0170668,-0.229512
4.55394,0,0,0,0,0,0,0,348.929,-434.933,17.9838,-0.573795,-0.022002,1.06716,0.97427,-0.0136312,-0.0163831,-0.224377
4.5639,0,0,0,0,0,0,0,339.787,-434.094,24.1605,-0.528666,0.121066,1.06303,0.975424,-0.0164749,-0.0150667,-0.219204
4.57306,0,0,0,0,0,0,0,334.902,-434.971,30.7623,-0.99922,-0.228202,0.990258,0.976187,-0.0197602,-0.0142847,-0.215555
4.58326,0,0,0,0,0,0,0,325.286,-435.039,37.7989,-0.959688,-0.473466,0.778794,0.976956,-0.0255645,-0.0153783,-0.211345
4.59295,0,0,0,0,0,0,0,319.581,-433.428,45.2962,-0.951702,0.0803366,0.663824,0.977601,-0.0301134,-0.0146628,-0.207787
4.60407,0,0,0,0,0,0,0,309.53,-434.472,52.8025,-1.00065,-0.33006,0.56119,0.978184,-0.0366403,-0.0143876,-0.203975
4.61414,0,0,0,0,0,0,0,303.469,-431.114,60.697,-0.907026,-0.213917,0.311581,0.978351,-0.0414018,-0.0142534,-0.202266
4.62939,0,0,0,0,0,0,0,292.542,-425.902,69.6358,-1.07728,-0.0497753,0.0298344,0.978113,-0.0491188,-0.0129498,-0.201778
4.63881,0,0,0,0,0,0,0,284.276,-425.934,78.6764,-0.993416,-0.103593,-0.161629,0.977745,-0.0540317,-0.0122915,-0.202347
4.64847,0,0,0,0,0,0,0,274.949,-422.348,85.8307,-1.03428,-0.127145,-0.290172,0.97737,-0.05792,-0.0119862,-0.203101
4.65744,0,0,0,0,0,0,0,270.046,-415.805,93.1462,-1.04901,-0.0428741,-0.592313,0.976513,-0.0629111,-0.0112702,-0.20576
4.66657,0,0,0,0,0,0,0,261.434,-410.023,100.084,-1.09042,-0.0106705,-0.808583,0.975416,-0.068184,-0.0103961,-0.209301
4.67653,0,0,0,0,0,0,0,254.664,-406.576,107.01,-1.05771,-0.0524496,-1.00001,0.974013,-0.0733224,-0.00986677,-0.214067
4.68634,0,0,0,0,0,0,0,247.844,-402.511,113.913,-1.08654,0.0161328,-1.25969,0.972274,-0.0785787,-0.00913166,-0.220056
4.69624,0,0,0,0,0,0,0,238.75,-397.015,121.05,-1.10268,0.0026629,-1.53805,0.970195,-0.0839045,-0.00859081,-0.227175
4.70532,0,0,0,0,0,0,0,233.452,-394.169,127.849,-1.13455,0.0122779,-1.66484,0.968429,-0.0878989,-0.00813492,-0.233136
4.71532,0,0,0,0,0,0,0,225.441,-390.53,135.579,-1.15018,0.0206727,-1.95545,0.965693,-0.0933845,-0.00752242,-0.242198
4.73841,0,0,0,0,0,0,0,215.818,-386.703,144.428,-1.17476,0.0469857,-2.26758,0.960877,-0.101693,-0.00674943,-0.257544
4.74771,0,0,0,0,0,0,0,204.225,-381.993,155.662,-1.22278,0.0196794,-2.6642,0.953934,-0.111708,-0.00596391,-0.278379
4.75809,0,0,0,0,0,0,0,192.457,-377.626,166.973,-1.26964,0.0173675,-2.86702,0.949291,-0.117555,-0.00571796,-0.291538
4.76802,0,0,0,0,0,0,0,186.3,-375.311,174.36,-1.28588,0.0119891,-3.07918,0.943992,-0.123462,-0.00552608,-0.305952
4.77789,0,0,0,0,0,0,0,177.912,-371.448,180.932,-1.31281,-0.0219317,-3.36802,0.93808,-0.129572,-0.00561067,-0.321226
4.78692,0,0,0,0,0,0,0,170.056,-370.17,188.069,-1.33062,-0.0404897,-3.50813,0.93148,-0.135695,-0.00589815,-0.337487
4.79685,0,0,0,0,0,0,0,163.468,-367.145,196.033,-1.35819,-0.0413826,-3.8264,0.924042,-0.141968,-0.00637242,-0.354896
4.80589,0,0,0,0,0,0,0,157.11,-366.501,202.086,-1.38685,-0.127608,-4.00342,0.915856,-0.148341,-0.00722987,-0.37303
4.81582,0,0,0,0,0,0,0,149.299,-365.511,208.703,-1.39669,-0.146511,-4.24432,0.906741,-0.154818,-0.00838963,-0.392151
4.8324,0,0,0,0,0,0,0,138.783,-366.215,219.201,-1.45424,-0.22104,-4.57121,0.891383,-0.164928,-0.0106463,-0.422045
4.84177,0,0,0,0,0,0,0,129.948,-367.768,227.551,-1.50274,-0.289223,-4.71278,0.880028,-0.171827,-0.0125779,-0.44257
4.85136,0,0,0,0,0,0,0,122.802,-370.632,235.631,-1.51511,-0.288867,-4.86952,0.867669,-0.178724,-0.014674,-0.463673
4.86036,0,0,0,0,0,0,0,115.199,-373.014,242.381,-1.53002,-0.342915,-5.01399,0.857856,-0.183944,-0.0164185,-0.479561
4.86932,0,0,0,0,0,0,0,108.036,-376.085,248.029,-1.59635,-0.32247,-5.13722,0.843734,-0.191032,-0.0187497,-0.501267
4.87821,0,0,0,0,0,0,0,101.215,-377.677,256.055,-1.6634,-0.317255,-5.33664,0.832496,-0.19645,-0.0204131,-0.517631
4.88833,0,0,0,0,0,0,0,93.6994,-381.147,262.028,-1.68828,-0.381471,-5.55359,0.812138,-0.205401,-0.0235059,-0.545609
4.89816,0,0,0,0,0,0,0,86.9082,-382.743,269.435,-1.63544,-0.42325,-5.78781,0.794424,-0.212452,-0.0265053,-0.568377
4.90707,0,0,0,0,0,0,0,79.9899,-385.696,276.988,-1.68431,-0.504629,-6.0164,0.780144,-0.217827,-0.0291381,-0.585729
4.9166,0,0,0,0,0,0,0,73.1401,-387.296,282.432,-1.64361,-0.585625,-6.28519,0.759787,-0.224855,-0.0332766,-0.609144
4.926,0,0,0,0,0,0,0,65.7253,-389.715,290.777,-1.62709,-0.590937,-6.44055,0.737898,-0.231763,-0.0377754,-0.632744
4.93649,0,0,0,0,0,0,0,58.1928,-392.369,296.748,-1.59081,-0.691103,-6.73217,0.714425,-0.238292,-0.0429032,-0.656486
4.94611,0,0,0,0,0,0,0,50.4633,-393.657,305.265,-1.49143,-0.693429,-6.95582,0.689289,-0.2445,-0.0486797,-0.680243
4.95505,0,0,0,0,0,0,0,42.9773,-395.944,311.215,-1.4786,-0.835096,-7.20139,0.669349,-0.248956,-0.0534088,-0.697954
4.96485,0,0,0,0,0,0,0,35.9937,-397.524,319.198,-1.35701,-0.773478,-7.37651,0.641466,-0.25421,-0.0601993,-0.721301
4.97386,0,0,0,0,0,0,0,28.6734,-399.177,325.283,-1.23856,-0.887815,-7.46401,0.612105,-0.259146,-0.0679087,-0.744016
4.98292,0,0,0,0,0,0,0,21.5843,-401.665,332.477,-1.12077,-0.946784,-7.70776,0.589045,-0.262246,-0.0741049,-0.760764
4.99281,0,0,0,0,0,0,0,14.388,-402.322,339.125,-0.982437,-0.820184,-7.90388,0.557255,-0.265446,-0.0828353,-0.782396
5.00177,0,0,0,0,0,0,0,6.99099,-405.171,346.496,-0.851988,-0.936329,-7.80953,0.524671,-0.268102,-0.0924192,-0.802683
5.01169,0,0,0,0,0,0,0,-0.501303,-406.977,352.807,-0.569548,-0.953337,-7.98705,0.490801,-0.269685,-0.102866,-0.822073
5.0216,0,0,0,0,0,0,0,-8.1962,-408.437,360.928,-0.411978,-0.87962,-8.02069,0.456699,-0.270217,-0.113802,-0.839916
5.0386,0,0,0,0,0,0,0,-18.2206,-411.337,369.748,-0.00602717,-0.800274,-7.8298,0.405117,-0.26894,-0.131644,-0.863841
5.04876,0,0,0,0,0,0,0,-28.5602,-414.032,377.809,0.280165,-0.757264,-7.64877,0.362547,-0.265875,-0.147423,-0.880986
5.05834,0,0,0,0,0,0,0,-36.1479,-416.104,384.769,0.443759,-0.639641,-7.51689,0.32932,-0.262267,-0.160318,-0.892784
5.06734,0,0,0,0,0,0,0,-43.4508,-417.148,388.359,0.604444,-0.50602,-7.17621,0.305204,-0.259039,-0.170073,-0.900458
5.07773,0,0,0,0,0,0,0,-50.7736,-419.566,393.069,0.788878,-0.337571,-6.7555,0.274345,-0.253604,-0.182908,-0.909376
5.08732,0,0,0,0,0,0,0,-58.4117,-421.404,397.122,0.892513,-0.261713,-6.49061,0.244929,-0.247602,-0.195427,-0.916794
5.0971,0,0,0,0,0,0,0,-65.9911,-422.791,399.367,0.878041,-0.10661,-6.11227,0.217275,-0.241003,-0.207207,-0.922916
5.10623,0,0,0,0,0,0,0,-73.3745,-425.08,403.158,0.831173,0.0297736,-5.71505,0.191581,-0.233946,-0.218026,-0.927918
5.1161,0,0,0,0,0,0,0,-80.3736,-425.018,404.845,0.744012,0.193139,-5.29035,0.167757,-0.226623,-0.227831,-0.931983
5.12615,0,0,0,0,0,0,0,-87.5,-426.396,406.585,0.723327,0.171475,-4.78998,0.145734,-0.219771,-0.236747,-0.935101
5.14068,0,0,0,0,0,0,0,-96.0253,-428.061,409.287,0.606025,0.13867,-4.3771,0.120175,-0.21168,-0.246491,-0.938079
5.15072,0,0,0,0,0,0,0,-105.317,-430.027,411.183,0.476226,0.0808665,-3.97037,0.101586,-0.205741,-0.253205,-0.939808
5.15973,0,0,0,0,0,0,0,-113.081,-430.18,411.633,0.368535,0.0177543,-3.61061,0.0845441,-0.200642,-0.2591,-0.94099
5.16855,0,0,0,0,0,0,0,-120.224,-431.484,413.48,0.286474,-0.0650192,-3.25315,0.0690552,-0.196639,-0.264072,-0.941717
5.17747,0,0,0,0,0,0,0,-126.871,-432.383,414.244,0.14132,-0.172411,-2.97771,0.0580075,-0.194237,-0.267334,-0.94204
5.18643,0,0,0,0,0,0,0,-132.45,-432.384,414.257,0.0963823,-0.257723,-2.71427,0.0447575,-0.191823,-0.270806,-0.942266
5.19522,0,0,0,0,0,0,0,-139.087,-434.078,416.082,0.0262914,-0.497375,-2.38769,0.0354005,-0.191089,-0.273011,-0.942177
5.20459,0,0,0,0,0,0,0,-146.239,-434.496,415.531,-0.0720701,-0.652502,-2.10259,0.0240174,-0.191027,-0.275434,-0.941843
